service_type_code,application,type_operation,service_type_description
‚ÄãJ,Schedule‚Äã,‚ÄãPassenger,‚ÄãNormal Service
‚ÄãS,‚ÄãSchedule,‚ÄãPassenger‚Äã,Shuttle Mode‚Äã
‚ÄãU,‚ÄãSchedule,‚Äã‚ÄãPassenger,Service operated by Surface Cehicle‚Äã
F‚Äã,‚ÄãSchedule,‚ÄãPassenger‚Äã,Loose Loaded cargo and/or preloade devices‚Äã
‚ÄãV,Schedule‚Äã,‚ÄãPassenger‚Äã,Service operated by Surface Vehicle‚Äã
‚ÄãM,Schedule‚Äã,‚ÄãPassenger‚Äã,‚ÄãMail only
‚ÄãQ,Schedule‚Äã,‚Äã‚ÄãPassenger / Cargo,Passenger/Cargo in Cabin(mixed configuration aircraft)‚Äã
‚ÄãG,Additional Flights‚Äã,‚Äã‚ÄãPassenger,Normal Service‚Äã
‚ÄãB,Additional Flights‚Äã,‚Äã‚ÄãPassenger,Shuttle Mode‚Äã
‚ÄãA,‚ÄãAdditional Flights,‚Äã‚ÄãCargo/Mail‚Äã,Carga and / or Mail‚Äã
‚ÄãR,Additional Flights‚Äã,‚Äã‚ÄãPassenger/Cargo,Passenger/Cargo in Cabin (mixed configuration aircraft)‚Äã
‚ÄãC,Charlet‚Äã,‚Äã‚ÄãPassenger,Passenger Only‚Äã
‚Äã‚ÄãO,Charlet‚Äã,‚Äã‚ÄãSpecial Handling,Charter requiring special handling (e.g Migrants/Immigrant Flights)‚Äã
‚Äã‚ÄãH,‚ÄãCharlet,Cargo/Mail‚Äã,Carga and / or Mail‚Äã‚Äã
‚ÄãL,Charlet‚Äã,Passenger/Cargo/Mail‚Äã,Passenger and Cargo and/or Mail‚Äã
‚ÄãP,‚ÄãOthers,Not specific‚Äã,Non-revenue (Positioning/Ferry/Delivery/Demo)
‚ÄãT,‚ÄãOthers,Not specific‚Äã,Technical Test‚Äã
K‚Äã,Others‚Äã,Not specific‚Äã,Training (School/Crew check)‚Äã
‚ÄãD,‚ÄãOthers,Not specific‚Äã,General Aviation‚Äã
‚ÄãE,Others‚Äã,Not specific‚Äã,Special (FAA/Government)‚Äã
‚ÄãW,‚ÄãOthers,Not specific‚Äã,‚ÄãMilitary
‚ÄãX,‚ÄãOthers,‚ÄãNot specific,Technical Stop (for Chapter 6 applications only)‚Äã
‚ÄãI,Others‚Äã,Not specific‚Äã,State/Diplomatic/Air Ambulance (Chapter 6 only)‚Äã
‚ÄãN,Others‚Äã,‚ÄãNot specific‚Äã,Business Aviation/Air Taxi